#,Question,Volume/mo,Google signal,Buyer intent,Buyer reason
1,how much does Google Business Profile optimization Miami cost,4009,78,75,"Strong buyer signal — cost, location, or hiring language"
2,average Google Business Profile optimization Miami cost,3142,69,78,"Strong buyer signal — cost, location, or hiring language"
3,Google Business Profile optimization Miami cost per hour,1630,69,73,"Strong buyer signal — cost, location, or hiring language"
4,Google Business Profile optimization Miami cost near me,1117,74,86,High commercial intent — comparing providers or ready to hire
5,is Google Business Profile optimization Miami expensive,978,67,29,"Informational — learning, not buying"
6,cheap Google Business Profile optimization Miami options,759,64,31,Mostly informational
7,Google Business Profile optimization Miami pricing explained,545,56,69,"Strong buyer signal — cost, location, or hiring language"
8,Google Business Profile optimization Miami cost breakdown by service,852,62,74,"Strong buyer signal — cost, location, or hiring language"
9,why is Google Business Profile optimization Miami so expensive,1093,76,10,"Informational — learning, not buying"
10,how to save on Google Business Profile optimization Miami,686,61,24,"Informational — learning, not buying"
11,is Google Business Profile optimization Miami covered by insurance,1983,79,26,"Informational — learning, not buying"
12,does medicare cover Google Business Profile optimization Miami,1509,73,25,"Informational — learning, not buying"
13,how to get Google Business Profile optimization Miami covered,588,69,26,"Informational — learning, not buying"
14,Google Business Profile optimization Miami without insurance,722,60,26,"Informational — learning, not buying"
15,Google Business Profile optimization Miami insurance codes,267,40,24,"Informational — learning, not buying"
16,appealing an Google Business Profile optimization Miami insurance denial,185,68,24,"Informational — learning, not buying"
17,best Google Business Profile optimization Miami near me,3942,71,84,High commercial intent — comparing providers or ready to hire
18,how to choose a Google Business Profile optimization Miami provider,1931,60,26,"Informational — learning, not buying"
19,top-rated Google Business Profile optimization Miami companies,1283,65,71,"Strong buyer signal — cost, location, or hiring language"
20,Google Business Profile optimization Miami vs alternatives — which is better,1566,60,50,Mixed intent — researching options
21,questions to ask before hiring Google Business Profile optimization Miami,800,80,26,"Informational — learning, not buying"
22,red flags when hiring a Google Business Profile optimization Miami pro,642,75,24,"Informational — learning, not buying"
23,Google Business Profile optimization Miami reviews near me,1223,56,80,High commercial intent — comparing providers or ready to hire
24,how to verify Google Business Profile optimization Miami credentials,298,65,24,"Informational — learning, not buying"
25,Google Business Profile optimization Miami certifications explained,512,49,24,"Informational — learning, not buying"
26,Google Business Profile optimization Miami licenses by state,267,41,25,"Informational — learning, not buying"
27,how long does Google Business Profile optimization Miami take,1196,70,40,Mostly informational
28,how often should you get Google Business Profile optimization Miami,1128,54,40,Mostly informational
29,when to schedule Google Business Profile optimization Miami,382,60,68,"Strong buyer signal — cost, location, or hiring language"
30,emergency Google Business Profile optimization Miami response time,643,70,79,"Strong buyer signal — cost, location, or hiring language"
31,same-day Google Business Profile optimization Miami availability,356,62,74,"Strong buyer signal — cost, location, or hiring language"
32,signs you need Google Business Profile optimization Miami,1295,82,39,Mostly informational
33,warning signs of Google Business Profile optimization Miami problems,686,72,25,"Informational — learning, not buying"
34,is my Google Business Profile optimization Miami broken,427,64,25,"Informational — learning, not buying"
35,when to call a Google Business Profile optimization Miami professional,679,75,67,"Strong buyer signal — cost, location, or hiring language"
36,what does Google Business Profile optimization Miami include,2811,68,25,"Informational — learning, not buying"
37,what to expect during Google Business Profile optimization Miami,808,69,39,Mostly informational
38,Google Business Profile optimization Miami step by step,470,54,26,"Informational — learning, not buying"
39,how does Google Business Profile optimization Miami work,1952,59,5,"Informational — learning, not buying"
40,can I do Google Business Profile optimization Miami myself,1411,75,5,"Informational — learning, not buying"
41,DIY Google Business Profile optimization Miami vs hiring a pro,638,76,29,"Informational — learning, not buying"
42,Google Business Profile optimization Miami equipment needed,359,49,24,"Informational — learning, not buying"
43,Google Business Profile optimization Miami vs DIY,580,72,31,Mostly informational
44,Google Business Profile optimization Miami vs traditional methods,313,54,50,Mixed intent — researching options
45,best Google Business Profile optimization Miami brands compared,902,54,66,"Strong buyer signal — cost, location, or hiring language"
46,Google Business Profile optimization Miami pros and cons,799,65,26,"Informational — learning, not buying"
47,common Google Business Profile optimization Miami mistakes to avoid,663,64,26,"Informational — learning, not buying"
48,risks of skipping Google Business Profile optimization Miami,338,68,24,"Informational — learning, not buying"
49,what happens if you delay Google Business Profile optimization Miami,218,60,26,"Informational — learning, not buying"
50,Google Business Profile optimization Miami safety concerns,415,71,24,"Informational — learning, not buying"
51,Google Business Profile optimization Miami regulations in my state,267,55,25,"Informational — learning, not buying"
52,permits required for Google Business Profile optimization Miami,279,54,25,"Informational — learning, not buying"
53,Google Business Profile optimization Miami building code requirements,239,45,25,"Informational — learning, not buying"
54,Google Business Profile optimization Miami payment plans,432,65,24,"Informational — learning, not buying"
55,financing options for Google Business Profile optimization Miami,272,62,24,"Informational — learning, not buying"
56,is Google Business Profile optimization Miami tax deductible,368,69,26,"Informational — learning, not buying"
57,are Google Business Profile optimization Miami reviews trustworthy,193,65,26,"Informational — learning, not buying"
58,how to spot fake Google Business Profile optimization Miami reviews,187,59,26,"Informational — learning, not buying"
59,emergency Google Business Profile optimization Miami what to do first,821,84,77,"Strong buyer signal — cost, location, or hiring language"
60,Google Business Profile optimization Miami emergency checklist,234,66,80,High commercial intent — comparing providers or ready to hire
61,24-hour Google Business Profile optimization Miami services,524,60,26,"Informational — learning, not buying"
62,Google Business Profile optimization Miami maintenance schedule,357,53,69,"Strong buyer signal — cost, location, or hiring language"
63,annual Google Business Profile optimization Miami checklist,374,54,25,"Informational — learning, not buying"
64,Google Business Profile optimization Miami preventive care tips,281,62,24,"Informational — learning, not buying"
65,getting multiple Google Business Profile optimization Miami quotes,318,68,24,"Informational — learning, not buying"
66,how to compare Google Business Profile optimization Miami estimates,268,65,53,Mixed intent — researching options
67,Google Business Profile optimization Miami bid vs estimate,198,58,49,Mixed intent — researching options
68,Google Business Profile optimization Miami warranty explained,441,61,24,"Informational — learning, not buying"
69,Google Business Profile optimization Miami guarantee vs warranty,173,52,52,Mixed intent — researching options
70,eco-friendly Google Business Profile optimization Miami options,361,52,26,"Informational — learning, not buying"
71,energy-efficient Google Business Profile optimization Miami,558,57,25,"Informational — learning, not buying"
72,what to do if Google Business Profile optimization Miami goes wrong,558,69,24,"Informational — learning, not buying"
73,Google Business Profile optimization Miami complaint process,195,60,26,"Informational — learning, not buying"
74,how to file a Google Business Profile optimization Miami complaint,231,58,24,"Informational — learning, not buying"
75,Google Business Profile optimization Miami for beginners,626,64,25,"Informational — learning, not buying"
76,first time getting Google Business Profile optimization Miami,292,76,24,"Informational — learning, not buying"
77,is Google Business Profile optimization Miami worth it,2099,71,52,Mixed intent — researching options
78,Google Business Profile optimization Miami horror stories,523,82,25,"Informational — learning, not buying"
79,Google Business Profile optimization Miami scams to watch out for,532,77,25,"Informational — learning, not buying"
80,worst Google Business Profile optimization Miami experiences shared online,215,84,25,"Informational — learning, not buying"
81,Google Business Profile optimization Miami for seniors,361,62,25,"Informational — learning, not buying"
82,Google Business Profile optimization Miami for small business,297,54,26,"Informational — learning, not buying"
83,Google Business Profile optimization Miami for landlords,236,56,24,"Informational — learning, not buying"
84,how to book Google Business Profile optimization Miami,382,60,67,"Strong buyer signal — cost, location, or hiring language"
85,what to prepare before Google Business Profile optimization Miami,273,66,25,"Informational — learning, not buying"
86,Google Business Profile optimization Miami appointment cancellation,189,48,73,"Strong buyer signal — cost, location, or hiring language"
87,best Google Business Profile optimization Miami apps,305,50,68,"Strong buyer signal — cost, location, or hiring language"
88,online Google Business Profile optimization Miami services,455,51,26,"Informational — learning, not buying"
89,virtual Google Business Profile optimization Miami consultation,249,56,26,"Informational — learning, not buying"
90,most reputable Google Business Profile optimization Miami companies,423,54,25,"Informational — learning, not buying"
91,how to verify a Google Business Profile optimization Miami company,204,63,26,"Informational — learning, not buying"
92,Google Business Profile optimization Miami FAQ answered,417,62,24,"Informational — learning, not buying"
93,Google Business Profile optimization Miami explained simply,651,61,26,"Informational — learning, not buying"
94,common questions about Google Business Profile optimization Miami,491,66,25,"Informational — learning, not buying"
95,Google Business Profile optimization Miami myths debunked,453,74,24,"Informational — learning, not buying"
96,what nobody tells you about Google Business Profile optimization Miami,269,81,24,"Informational — learning, not buying"
97,Google Business Profile optimization Miami tips from professionals,546,66,26,"Informational — learning, not buying"
98,Google Business Profile optimization Miami secrets from insiders,243,77,26,"Informational — learning, not buying"
99,everything you need to know about Google Business Profile optimization Miami,405,67,26,"Informational — learning, not buying"
100,a beginner’s guide to Google Business Profile optimization Miami,758,63,26,"Informational — learning, not buying"
101,Google Business Profile optimization Miami best practices in 2026,430,59,72,"Strong buyer signal — cost, location, or hiring language"
102,Google Business Profile optimization Miami trends worth watching,223,60,24,"Informational — learning, not buying"